Country,Rank,Index,Name Group,Localized Name,Romanized Name,Count,Percent
Austria,1,,,,2021,N,1,N-AT-1-F-1,F,Marie,Marie
Austria,1,,,,2021,N,2,N-AT-1-F-2,F,Emilia,Emilia
Austria,1,,,,2021,N,3,N-AT-1-F-3,F,Anna,Anna
Austria,1,,,,2021,N,4,N-AT-1-F-4,F,Emma,Emma
Austria,1,,,,2021,N,5,N-AT-1-F-5,F,Lena,Lena
Austria,1,,,,2021,N,6,N-AT-1-F-6,F,Mia,Mia
Austria,1,,,,2021,N,7,N-AT-1-F-7,F,Laura,Laura
Austria,1,,,,2021,N,8,N-AT-1-F-8,F,Valentina,Valentina
Austria,1,,,,2021,N,9,N-AT-1-F-9,F,Hannah,Hannah
Austria,1,,,,2021,N,10,N-AT-1-F-10,F,Lea,Lea
Austria,1,,,,2021,N,1,N-AT-1-M-1,M,Paul,Paul
Austria,1,,,,2021,N,2,N-AT-1-M-2,M,Jakob,Jakob
Austria,1,,,,2021,N,3,N-AT-1-M-3,M,Maximilian,Maximilian
Austria,1,,,,2021,N,4,N-AT-1-M-4,M,Elias,Elias
Austria,1,,,,2021,N,5,N-AT-1-M-5,M,David,David
Austria,1,,,,2021,N,6,N-AT-1-M-6,M,Felix,Felix
Austria,1,,,,2021,N,7,N-AT-1-M-7,M,Leon,Leon
Austria,1,,,,2021,N,8,N-AT-1-M-8,M,Tobias,Tobias
Austria,1,,,,2021,N,9,N-AT-1-M-9,M,Jonas,Jonas
Austria,1,,,,2021,N,10,N-AT-1-M-10,M,Noah,Noah
Austria,2,Vienna,,,2022,N,1,N-AT-2-F-1,F,Sophia,Sophia
Austria,2,Vienna,,,2022,N,2,N-AT-2-F-2,F,Emilia,Emilia
Austria,2,Vienna,,,2022,N,3,N-AT-2-F-3,F,Sara,Sara
Austria,2,Vienna,,,2022,N,4,N-AT-2-F-4,F,Hannah,Hannah
Austria,2,Vienna,,,2022,N,5,N-AT-2-F-5,F,Mia,Mia
Austria,2,Vienna,,,2022,N,6,N-AT-2-F-6,F,Emma,Emma
Austria,2,Vienna,,,2022,N,7,N-AT-2-F-7,F,Anna,Anna
Austria,2,Vienna,,,2022,N,8,N-AT-2-F-8,F,Sophie,Sophie
Austria,2,Vienna,,,2022,N,9,N-AT-2-F-9,F,Laura,Laura
Austria,2,Vienna,,,2022,N,10,N-AT-2-F-10,F,Elena,Elena
Austria,2,Vienna,,,2022,N,1,N-AT-2-M-1,M,Mateo,Mateo
Austria,2,Vienna,,,2022,N,2,N-AT-2-M-2,M,Luka,Luka
Austria,2,Vienna,,,2022,N,3,N-AT-2-M-3,M,Theodor,Theodor
Austria,2,Vienna,,,2022,N,4,N-AT-2-M-4,M,Elias,Elias
Austria,2,Vienna,,,2022,N,5,N-AT-2-M-5,M,Noah,Noah
Austria,2,Vienna,,,2022,N,6,N-AT-2-M-6,M,Felix,Felix
Austria,2,Vienna,,,2022,N,7,N-AT-2-M-7,M,Mohammad,Mohammad
Austria,2,Vienna,,,2022,N,8,N-AT-2-M-8,M,Alexander,Alexander
Austria,2,Vienna,,,2022,N,9,N-AT-2-M-9,M,Adam,Adam
Austria,2,Vienna,,,2022,N,10,N-AT-2-M-10,M,David,David
Australia,1,,,,2022,N,1,N-AU-1-F-1,F,Charlotte,Charlotte
Australia,1,,,,2022,N,2,N-AU-1-F-2,F,Amelia,Amelia
Australia,1,,,,2022,N,3,N-AU-1-F-3,F,Isla,Isla
Australia,1,,,,2022,N,4,N-AU-1-F-4,F,Olivia,Olivia
Australia,1,,,,2022,N,5,N-AU-1-F-5,F,Mia,Mia
Australia,1,,,,2022,N,6,N-AU-1-F-6,F,Ava,Ava
Australia,1,,,,2022,N,7,N-AU-1-F-7,F,Matilda,Matilda
Australia,1,,,,2022,N,8,N-AU-1-F-8,F,Ella,Ella
Australia,1,,,,2022,N,9,N-AU-1-F-9,F,Grace,Grace
Australia,1,,,,2022,N,10,N-AU-1-F-10,F,Willow,Willow
Australia,1,,,,2022,N,1,N-AU-1-M-1,M,Oliver,Oliver
Australia,1,,,,2022,N,2,N-AU-1-M-2,M,Noah,Noah
Australia,1,,,,2022,N,3,N-AU-1-M-3,M,Leo,Leo
Australia,1,,,,2022,N,4,N-AU-1-M-4,M,William,William
Australia,1,,,,2022,N,5,N-AU-1-M-5,M,Henry,Henry
Australia,1,,,,2022,N,6,N-AU-1-M-6,M,Jack,Jack
Australia,1,,,,2022,N,7,N-AU-1-M-7,M,Theodore,Theodore
Australia,1,,,,2022,N,8,N-AU-1-M-8,M,Hudson,Hudson
Australia,1,,,,2022,N,9,N-AU-1-M-9,M,Charlie,Charlie
Australia,1,,,,2022,N,10,N-AU-1-M-10,M,Luca,Luca
Belgium,1,,,,2021,N,1,N-BE-1-F-1,F,Olivia,Olivia
Belgium,1,,,,2021,N,2,N-BE-1-F-2,F,Emma,Emma
Belgium,1,,,,2021,N,3,N-BE-1-F-3,F,Louise,Louise
Belgium,1,,,,2021,N,4,N-BE-1-F-4,F,Mila,Mila
Belgium,1,,,,2021,N,5,N-BE-1-F-5,F,Alice,Alice
Belgium,1,,,,2021,N,6,N-BE-1-F-6,F,Camille,Camille
Belgium,1,,,,2021,N,7,N-BE-1-F-7,F,Lina,Lina
Belgium,1,,,,2021,N,8,N-BE-1-F-8,F,Sofia,Sofia
Belgium,1,,,,2021,N,9,N-BE-1-F-9,F,Ella,Ella
Belgium,1,,,,2021,N,10,N-BE-1-F-10,F,Juliette,Juliette
Belgium,1,,,,2021,N,1,N-BE-1-M-1,M,Arthur,Arthur
Belgium,1,,,,2021,N,2,N-BE-1-M-2,M,Noah,Noah
Belgium,1,,,,2021,N,3,N-BE-1-M-3,M,Louis,Louis
Belgium,1,,,,2021,N,4,N-BE-1-M-4,M,Liam,Liam
Belgium,1,,,,2021,N,5,N-BE-1-M-5,M,Jules,Jules
Belgium,1,,,,2021,N,6,N-BE-1-M-6,M,Adam,Adam
Belgium,1,,,,2021,N,7,N-BE-1-M-7,M,Lucas,Lucas
Belgium,1,,,,2021,N,8,N-BE-1-M-8,M,Gabriel,Gabriel
Belgium,1,,,,2021,N,9,N-BE-1-M-9,M,Victor,Victor
Belgium,1,,,,2021,N,10,N-BE-1-M-10,M,Oscar,Oscar
Switzerland,1,,Babies born,,2021,N,1,N-CH-1-F-1,F,Mia,Mia
Switzerland,1,,Babies born,,2021,N,2,N-CH-1-F-2,F,Emma,Emma
Switzerland,1,,Babies born,,2021,N,3,N-CH-1-F-3,F,Elena,Elena
Switzerland,1,,Babies born,,2021,N,4,N-CH-1-F-4,F,Lina,Lina
Switzerland,1,,Babies born,,2021,N,5,N-CH-1-F-5,F,Mila,Mila
Switzerland,1,,Babies born,,2021,N,6,N-CH-1-F-6,F,Emilia,Emilia
Switzerland,1,,Babies born,,2021,N,7,N-CH-1-F-7,F,Sofia,Sofia
Switzerland,1,,Babies born,,2021,N,8,N-CH-1-F-8,F,Olivia,Olivia
Switzerland,1,,Babies born,,2021,N,9,N-CH-1-F-9,F,Nora,Nora
Switzerland,1,,Babies born,,2021,N,10,N-CH-1-F-10,F,Alina,Alina
Switzerland,1,,Babies born,,2021,N,1,N-CH-1-M-1,M,Noah,Noah
Switzerland,1,,Babies born,,2021,N,2,N-CH-1-M-2,M,Liam,Liam
Switzerland,1,,Babies born,,2021,N,3,N-CH-1-M-3,M,Matteo,Matteo
Switzerland,1,,Babies born,,2021,N,4,N-CH-1-M-4,M,Luca,Luca
Switzerland,1,,Babies born,,2021,N,5,N-CH-1-M-5,M,Gabriel,Gabriel
Switzerland,1,,Babies born,,2021,N,6,N-CH-1-M-6,M,Leon,Leon
Switzerland,1,,Babies born,,2021,N,7,N-CH-1-M-7,M,Elias,Elias
Switzerland,1,,Babies born,,2021,N,8,N-CH-1-M-8,M,Louis,Louis
Switzerland,1,,Babies born,,2021,N,9,N-CH-1-M-9,M,Lio,Lio
Switzerland,1,,Babies born,,2021,N,10,N-CH-1-M-10,M,Nino,Nino
Czechia,1,,,,2019,N,1,N-CZ-1-F-1,F,Eliška,Eliška
Czechia,1,,,,2019,N,2,N-CZ-1-F-2,F,Anna,Anna
Czechia,1,,,,2019,N,3,N-CZ-1-F-3,F,Adéla,Adéla
Czechia,1,,,,2019,N,4,N-CZ-1-F-4,F,Tereza,Tereza
Czechia,1,,,,2019,N,5,N-CZ-1-F-5,F,Sofie,Sofie
Czechia,1,,,,2019,N,6,N-CZ-1-F-6,F,Viktorie,Viktorie
Czechia,1,,,,2019,N,7,N-CZ-1-F-7,F,Ema,Ema
Czechia,1,,,,2019,N,8,N-CZ-1-F-8,F,Karolína,Karolína
Czechia,1,,,,2019,N,9,N-CZ-1-F-9,F,Natálie,Natálie
Czechia,1,,,,2019,N,10,N-CZ-1-F-10,F,Amálie,Amálie
Czechia,1,,,,2019,N,11,N-CZ-1-F-11,F,Julie,Julie
Czechia,1,,,,2019,N,1,N-CZ-1-M-1,M,Jakub,Jakub
Czechia,1,,,,2019,N,2,N-CZ-1-M-2,M,Jan,Jan
Czechia,1,,,,2019,N,3,N-CZ-1-M-3,M,Tomáš,Tomáš
Czechia,1,,,,2019,N,4,N-CZ-1-M-4,M,Matyáš,Matyáš
Czechia,1,,,,2019,N,5,N-CZ-1-M-5,M,Adam,Adam
Czechia,1,,,,2019,N,6,N-CZ-1-M-6,M,Filip,Filip
Czechia,1,,,,2019,N,7,N-CZ-1-M-7,M,Vojtěch,Vojtěch
Czechia,1,,,,2019,N,8,N-CZ-1-M-8,M,Lukáš,Lukáš
Czechia,1,,,,2019,N,9,N-CZ-1-M-9,M,Martin,Martin
Czechia,1,,,,2019,N,10,N-CZ-1-M-10,M,Matěj,Matěj
Germany,1,,,,2022,N,1,N-DE-1-F-1,F,Emilia,Emilia
Germany,1,,,,2022,N,2,N-DE-1-F-2,F,Mia,Mia
Germany,1,,,,2022,N,3,N-DE-1-F-3,F,Sophia,Sophia
Germany,1,,,,2022,N,4,N-DE-1-F-4,F,Emma,Emma
Germany,1,,,,2022,N,5,N-DE-1-F-5,F,Hannah,Hannah
Germany,1,,,,2022,N,6,N-DE-1-F-6,F,Lina,Lina
Germany,1,,,,2022,N,7,N-DE-1-F-7,F,Mila,Mila
Germany,1,,,,2022,N,8,N-DE-1-F-8,F,Ella,Ella
Germany,1,,,,2022,N,9,N-DE-1-F-9,F,Leni,Leni
Germany,1,,,,2022,N,10,N-DE-1-F-10,F,Clara,Clara
Germany,1,,,,2022,N,1,N-DE-1-M-1,M,Noah,Noah
Germany,1,,,,2022,N,2,N-DE-1-M-2,M,Matteo,Matteo
Germany,1,,,,2022,N,3,N-DE-1-M-3,M,Elias,Elias
Germany,1,,,,2022,N,4,N-DE-1-M-4,M,Finn,Finn
Germany,1,,,,2022,N,5,N-DE-1-M-5,M,Leon,Leon
Germany,1,,,,2022,N,6,N-DE-1-M-6,M,Theo,Theo
Germany,1,,,,2022,N,7,N-DE-1-M-7,M,Paul,Paul
Germany,1,,,,2022,N,8,N-DE-1-M-8,M,Emil,Emil
Germany,1,,,,2022,N,9,N-DE-1-M-9,M,Henry,Henry
Germany,1,,,,2022,N,10,N-DE-1-M-10,M,Ben,Ben
Spain,1,Basque Country,,,2021,N,1,N-ES-1-F-1,F,Ane,Ane
Spain,1,Basque Country,,,2021,N,2,N-ES-1-F-2,F,Laia,Laia
Spain,1,Basque Country,,,2021,N,3,N-ES-1-F-3,F,June,June
Spain,1,Basque Country,,,2021,N,4,N-ES-1-F-4,F,Nahia,Nahia
Spain,1,Basque Country,,,2021,N,5,N-ES-1-F-5,F,Maddi,Maddi
Spain,1,Basque Country,,,2021,N,6,N-ES-1-F-6,F,Malen,Malen
Spain,1,Basque Country,,,2021,N,7,N-ES-1-F-7,F,Nora,Nora
Spain,1,Basque Country,,,2021,N,8,N-ES-1-F-8,F,Irati,Irati
Spain,1,Basque Country,,,2021,N,9,N-ES-1-F-9,F,Izaro,Izaro
Spain,1,Basque Country,,,2021,N,10,N-ES-1-F-10,F,Sara,Sara
Spain,1,Basque Country,,,2021,N,1,N-ES-1-M-1,M,Markel,Markel
Spain,1,Basque Country,,,2021,N,2,N-ES-1-M-2,M,Martín,Martín
Spain,1,Basque Country,,,2021,N,3,N-ES-1-M-3,M,Julen,Julen
Spain,1,Basque Country,,,2021,N,4,N-ES-1-M-4,M,Oihan,Oihan
Spain,1,Basque Country,,,2021,N,5,N-ES-1-M-5,M,Jon,Jon
Spain,1,Basque Country,,,2021,N,6,N-ES-1-M-6,M,Aiur,Aiur
Spain,1,Basque Country,,,2021,N,7,N-ES-1-M-7,M,Aimar,Aimar
Spain,1,Basque Country,,,2021,N,8,N-ES-1-M-8,M,Ibai,Ibai
Spain,1,Basque Country,,,2021,N,9,N-ES-1-M-9,M,Luka,Luka
Spain,1,Basque Country,,,2021,N,10,N-ES-1-M-10,M,Danel,Danel
Spain,2,Catalonia,,,2021,N,1,N-ES-2-F-1,F,Júlia,Júlia
Spain,2,Catalonia,,,2021,N,2,N-ES-2-F-2,F,Martina,Martina
Spain,2,Catalonia,,,2021,N,3,N-ES-2-F-3,F,Mia,Mia
Spain,2,Catalonia,,,2021,N,4,N-ES-2-F-4,F,Emma,Emma
Spain,2,Catalonia,,,2021,N,5,N-ES-2-F-5,F,Lucía,Lucía
Spain,2,Catalonia,,,2021,N,6,N-ES-2-F-6,F,Sofía,Sofía
Spain,2,Catalonia,,,2021,N,7,N-ES-2-F-7,F,Ona,Ona
Spain,2,Catalonia,,,2021,N,8,N-ES-2-F-8,F,María,María
Spain,2,Catalonia,,,2021,N,9,N-ES-2-F-9,F,Laia,Laia
Spain,2,Catalonia,,,2021,N,10,N-ES-2-F-10,F,Paula,Paula
Spain,2,Catalonia,,,2021,N,1,N-ES-2-M-1,M,Marc,Marc
Spain,2,Catalonia,,,2021,N,2,N-ES-2-M-2,M,Nil,Nil
Spain,2,Catalonia,,,2021,N,3,N-ES-2-M-3,M,Pol,Pol
Spain,2,Catalonia,,,2021,N,4,N-ES-2-M-4,M,Jan,Jan
Spain,2,Catalonia,,,2021,N,5,N-ES-2-M-5,M,Leo,Leo
Spain,2,Catalonia,,,2021,N,6,N-ES-2-M-6,M,Pau,Pau
Spain,2,Catalonia,,,2021,N,7,N-ES-2-M-7,M,Àlex,Àlex
Spain,2,Catalonia,,,2021,N,8,N-ES-2-M-8,M,Marti,Marti
Spain,2,Catalonia,,,2021,N,9,N-ES-2-M-9,M,Biel,Biel
Spain,2,Catalonia,,,2021,N,10,N-ES-2-M-10,M,Hugo,Hugo
Spain,3,Excluding Basque Country & Catalonia,,,2021,N,1,N-ES-3-F-1,F,Lucía,Lucía
Spain,3,Excluding Basque Country & Catalonia,,,2021,N,2,N-ES-3-F-2,F,Martina,Martina
Spain,3,Excluding Basque Country & Catalonia,,,2021,N,3,N-ES-3-F-3,F,Sofía,Sofía
Spain,3,Excluding Basque Country & Catalonia,,,2021,N,4,N-ES-3-F-4,F,María,María
Spain,3,Excluding Basque Country & Catalonia,,,2021,N,5,N-ES-3-F-5,F,Valeria,Valeria
Spain,3,Excluding Basque Country & Catalonia,,,2021,N,6,N-ES-3-F-6,F,Julia,Julia
Spain,3,Excluding Basque Country & Catalonia,,,2021,N,7,N-ES-3-F-7,F,Paula,Paula
Spain,3,Excluding Basque Country & Catalonia,,,2021,N,8,N-ES-3-F-8,F,Emma,Emma
Spain,3,Excluding Basque Country & Catalonia,,,2021,N,9,N-ES-3-F-9,F,Daniela,Daniela
Spain,3,Excluding Basque Country & Catalonia,,,2021,N,10,N-ES-3-F-10,F,Carla,Carla
Spain,3,Excluding Basque Country & Catalonia,,,2021,N,1,N-ES-3-M-1,M,Martín,Martín
Spain,3,Excluding Basque Country & Catalonia,,,2021,N,2,N-ES-3-M-2,M,Hugo,Hugo
Spain,3,Excluding Basque Country & Catalonia,,,2021,N,3,N-ES-3-M-3,M,Mateo,Mateo
Spain,3,Excluding Basque Country & Catalonia,,,2021,N,4,N-ES-3-M-4,M,Leo,Leo
Spain,3,Excluding Basque Country & Catalonia,,,2021,N,5,N-ES-3-M-5,M,Lucas,Lucas
Spain,3,Excluding Basque Country & Catalonia,,,2021,N,6,N-ES-3-M-6,M,Manuel,Manuel
Spain,3,Excluding Basque Country & Catalonia,,,2021,N,7,N-ES-3-M-7,M,Daniel,Daniel
Spain,3,Excluding Basque Country & Catalonia,,,2021,N,8,N-ES-3-M-8,M,Alejandro,Alejandro
Spain,3,Excluding Basque Country & Catalonia,,,2021,N,9,N-ES-3-M-9,M,Pablo,Pablo
Spain,3,Excluding Basque Country & Catalonia,,,2021,N,10,N-ES-3-M-10,M,Álvaro,Álvaro
France,1,,,,2022,N,1,N-FR-1-F-1,F,Jade,Jade
France,1,,,,2022,N,2,N-FR-1-F-2,F,Emma,Emma
France,1,,,,2022,N,3,N-FR-1-F-3,F,Louise,Louise
France,1,,,,2022,N,4,N-FR-1-F-4,F,Mia,Mia
France,1,,,,2022,N,5,N-FR-1-F-5,F,Alice,Alice
France,1,,,,2022,N,6,N-FR-1-F-6,F,Lina,Lina
France,1,,,,2022,N,7,N-FR-1-F-7,F,Ambre,Ambre
France,1,,,,2022,N,8,N-FR-1-F-8,F,Rose,Rose
France,1,,,,2022,N,9,N-FR-1-F-9,F,Chloé,Chloé
France,1,,,,2022,N,10,N-FR-1-F-10,F,Anna,Anna
France,1,,,,2022,N,1,N-FR-1-M-1,M,Léo,Léo
France,1,,,,2022,N,2,N-FR-1-M-2,M,Gabriel,Gabriel
France,1,,,,2022,N,3,N-FR-1-M-3,M,Raphaël,Raphaël
France,1,,,,2022,N,4,N-FR-1-M-4,M,Arthur,Arthur
France,1,,,,2022,N,5,N-FR-1-M-5,M,Louis,Louis
France,1,,,,2022,N,6,N-FR-1-M-6,M,Maël,Maël
France,1,,,,2022,N,7,N-FR-1-M-7,M,Lucas,Lucas
France,1,,,,2022,N,8,N-FR-1-M-8,M,Adam,Adam
France,1,,,,2022,N,9,N-FR-1-M-9,M,Tiago,Tiago
France,1,,,,2022,N,10,N-FR-1-M-10,M,Hugo,Hugo
United Kingdom,1,England,,,2021,N,1,N-GB-1-F-1,F,Olivia,Olivia
United Kingdom,1,England,,,2021,N,2,N-GB-1-F-2,F,Amelia,Amelia
United Kingdom,1,England,,,2021,N,3,N-GB-1-F-3,F,Isla,Isla
United Kingdom,1,England,,,2021,N,4,N-GB-1-F-4,F,Ava,Ava
United Kingdom,1,England,,,2021,N,5,N-GB-1-F-5,F,Ivy,Ivy
United Kingdom,1,England,,,2021,N,6,N-GB-1-F-6,F,Florence,Florence
United Kingdom,1,England,,,2021,N,7,N-GB-1-F-7,F,Lily,Lily
United Kingdom,1,England,,,2021,N,8,N-GB-1-F-8,F,Freya,Freya
United Kingdom,1,England,,,2021,N,9,N-GB-1-F-9,F,Mia,Mia
United Kingdom,1,England,,,2021,N,10,N-GB-1-F-10,F,Willow,Willow
United Kingdom,1,England,,,2021,N,1,N-GB-1-M-1,M,Noah,Noah
United Kingdom,1,England,,,2021,N,2,N-GB-1-M-2,M,George,George
United Kingdom,1,England,,,2021,N,3,N-GB-1-M-3,M,Oliver,Oliver
United Kingdom,1,England,,,2021,N,4,N-GB-1-M-4,M,Muhammad,Muhammad
United Kingdom,1,England,,,2021,N,5,N-GB-1-M-5,M,Arthur,Arthur
United Kingdom,1,England,,,2021,N,6,N-GB-1-M-6,M,Leo,Leo
United Kingdom,1,England,,,2021,N,7,N-GB-1-M-7,M,Harry,Harry
United Kingdom,1,England,,,2021,N,8,N-GB-1-M-8,M,Oscar,Oscar
United Kingdom,1,England,,,2021,N,9,N-GB-1-M-9,M,Henry,Henry
United Kingdom,1,England,,,2021,N,10,N-GB-1-M-10,M,Theodore,Theodore
United Kingdom,2,Wales,,,2021,N,1,N-GB-2-F-1,F,Olivia,Olivia
United Kingdom,2,Wales,,,2021,N,2,N-GB-2-F-2,F,Amelia,Amelia
United Kingdom,2,Wales,,,2021,N,3,N-GB-2-F-3,F,Isla,Isla
United Kingdom,2,Wales,,,2021,N,4,N-GB-2-F-4,F,Freya,Freya
United Kingdom,2,Wales,,,2021,N,5,N-GB-2-F-5,F,Ivy,Ivy
United Kingdom,2,Wales,,,2021,N,6,N-GB-2-F-6,F,Rosie,Rosie
United Kingdom,2,Wales,,,2021,N,7,N-GB-2-F-7,F,Ava,Ava
United Kingdom,2,Wales,,,2021,N,8,N-GB-2-F-8,F,Grace,Grace
United Kingdom,2,Wales,,,2021,N,9,N-GB-2-F-9,F,Lily,Lily
United Kingdom,2,Wales,,,2021,N,10,N-GB-2-F-10,F,Evie,Evie
United Kingdom,2,Wales,,,2021,N,11,N-GB-2-F-11,F,Mia,Mia
United Kingdom,2,Wales,,,2021,N,1,N-GB-2-M-1,M,Noah,Noah
United Kingdom,2,Wales,,,2021,N,2,N-GB-2-M-2,M,Oliver,Oliver
United Kingdom,2,Wales,,,2021,N,3,N-GB-2-M-3,M,Arthur,Arthur
United Kingdom,2,Wales,,,2021,N,4,N-GB-2-M-4,M,Theo,Theo
United Kingdom,2,Wales,,,2021,N,5,N-GB-2-M-5,M,Leo,Leo
United Kingdom,2,Wales,,,2021,N,6,N-GB-2-M-6,M,Charlie,Charlie
United Kingdom,2,Wales,,,2021,N,7,N-GB-2-M-7,M,Archie,Archie
United Kingdom,2,Wales,,,2021,N,8,N-GB-2-M-8,M,George,George
United Kingdom,2,Wales,,,2021,N,9,N-GB-2-M-9,M,Jack,Jack
United Kingdom,2,Wales,,,2021,N,10,N-GB-2-M-10,M,Oscar,Oscar
United Kingdom,3,Northern Ireland,,,2022,N,1,N-GB-3-F-1,F,Grace,Grace
United Kingdom,3,Northern Ireland,,,2022,N,2,N-GB-3-F-2,F,Emily,Emily
United Kingdom,3,Northern Ireland,,,2022,N,3,N-GB-3-F-3,F,Fiadh,Fiadh
United Kingdom,3,Northern Ireland,,,2022,N,4,N-GB-3-F-4,F,Olivia,Olivia
United Kingdom,3,Northern Ireland,,,2022,N,5,N-GB-3-F-5,F,Isla,Isla
United Kingdom,3,Northern Ireland,,,2022,N,6,N-GB-3-F-6,F,Aoife,Aoife
United Kingdom,3,Northern Ireland,,,2022,N,7,N-GB-3-F-7,F,Lily,Lily
United Kingdom,3,Northern Ireland,,,2022,N,8,N-GB-3-F-8,F,Annie,Annie
United Kingdom,3,Northern Ireland,,,2022,N,9,N-GB-3-F-9,F,Evie,Evie
United Kingdom,3,Northern Ireland,,,2022,N,10,N-GB-3-F-10,F,Freya,Freya
United Kingdom,3,Northern Ireland,,,2022,N,11,N-GB-3-F-11,F,Amelia,Amelia
United Kingdom,3,Northern Ireland,,,2022,N,1,N-GB-3-M-1,M,James,James
United Kingdom,3,Northern Ireland,,,2022,N,2,N-GB-3-M-2,M,Jack,Jack
United Kingdom,3,Northern Ireland,,,2022,N,3,N-GB-3-M-3,M,Noah,Noah
United Kingdom,3,Northern Ireland,,,2022,N,4,N-GB-3-M-4,M,Theo,Theo
United Kingdom,3,Northern Ireland,,,2022,N,5,N-GB-3-M-5,M,Charlie,Charlie
United Kingdom,3,Northern Ireland,,,2022,N,6,N-GB-3-M-6,M,Oliver,Oliver
United Kingdom,3,Northern Ireland,,,2022,N,7,N-GB-3-M-7,M,Oisin,Oisin
United Kingdom,3,Northern Ireland,,,2022,N,8,N-GB-3-M-8,M,Harry,Harry
United Kingdom,3,Northern Ireland,,,2022,N,9,N-GB-3-M-9,M,Cillian,Cillian
United Kingdom,3,Northern Ireland,,,2022,N,10,N-GB-3-M-10,M,Thomas,Thomas
United Kingdom,4,Scotland,,,2022,N,1,N-GB-4-F-1,F,Olivia,Olivia
United Kingdom,4,Scotland,,,2022,N,2,N-GB-4-F-2,F,Isla,Isla
United Kingdom,4,Scotland,,,2022,N,3,N-GB-4-F-3,F,Freya,Freya
United Kingdom,4,Scotland,,,2022,N,4,N-GB-4-F-4,F,Millie,Millie
United Kingdom,4,Scotland,,,2022,N,5,N-GB-4-F-5,F,Emily,Emily
United Kingdom,4,Scotland,,,2022,N,6,N-GB-4-F-6,F,Amelia,Amelia
United Kingdom,4,Scotland,,,2022,N,7,N-GB-4-F-7,F,Grace,Grace
United Kingdom,4,Scotland,,,2022,N,8,N-GB-4-F-8,F,Sophie,Sophie
United Kingdom,4,Scotland,,,2022,N,9,N-GB-4-F-9,F,Ava,Ava
United Kingdom,4,Scotland,,,2022,N,10,N-GB-4-F-10,F,Ella,Ella
United Kingdom,4,Scotland,,,2022,N,11,N-GB-4-F-11,F,Lily,Lily
United Kingdom,4,Scotland,,,2022,N,12,N-GB-4-F-12,F,Charlotte,Charlotte
United Kingdom,4,Scotland,,,2022,N,1,N-GB-4-M-1,M,Noah,Noah
United Kingdom,4,Scotland,,,2022,N,2,N-GB-4-M-2,M,Jack,Jack
United Kingdom,4,Scotland,,,2022,N,3,N-GB-4-M-3,M,Leo,Leo
United Kingdom,4,Scotland,,,2022,N,4,N-GB-4-M-4,M,Harris,Harris
United Kingdom,4,Scotland,,,2022,N,5,N-GB-4-M-5,M,Luca,Luca
United Kingdom,4,Scotland,,,2022,N,6,N-GB-4-M-6,M,Oliver,Oliver
United Kingdom,4,Scotland,,,2022,N,7,N-GB-4-M-7,M,Rory,Rory
United Kingdom,4,Scotland,,,2022,N,8,N-GB-4-M-8,M,Archie,Archie
United Kingdom,4,Scotland,,,2022,N,9,N-GB-4-M-9,M,Alfie,Alfie
United Kingdom,4,Scotland,,,2022,N,10,N-GB-4-M-10,M,James,James
United Kingdom,4,Scotland,,,2022,N,11,N-GB-4-M-11,M,Theo,Theo
United Kingdom,4,Scotland,,,2022,N,12,N-GB-4-M-12,M,Finlay,Finlay
United Kingdom,4,Scotland,,,2022,N,13,N-GB-4-M-13,M,Lewis,Lewis
Hungary,1,,,,2021,N,1,N-HU-1-F-1,F,Hanna,Hanna
Hungary,1,,,,2021,N,2,N-HU-1-F-2,F,Zoé,Zoé
Hungary,1,,,,2021,N,3,N-HU-1-F-3,F,Anna,Anna
Hungary,1,,,,2021,N,4,N-HU-1-F-4,F,Léna,Léna
Hungary,1,,,,2021,N,5,N-HU-1-F-5,F,Luca,Luca
Hungary,1,,,,2021,N,6,N-HU-1-F-6,F,Emma,Emma
Hungary,1,,,,2021,N,7,N-HU-1-F-7,F,Boglárka,Boglárka
Hungary,1,,,,2021,N,8,N-HU-1-F-8,F,Lili,Lili
Hungary,1,,,,2021,N,9,N-HU-1-F-9,F,Lilien,Lilien
Hungary,1,,,,2021,N,10,N-HU-1-F-10,F,Lara,Lara
Hungary,1,,,,2021,N,1,N-HU-1-M-1,M,Levente,Levente
Hungary,1,,,,2021,N,2,N-HU-1-M-2,M,Máté,Máté
Hungary,1,,,,2021,N,3,N-HU-1-M-3,M,Dominik,Dominik
Hungary,1,,,,2021,N,4,N-HU-1-M-4,M,Bence,Bence
Hungary,1,,,,2021,N,5,N-HU-1-M-5,M,Olivér,Olivér
Hungary,1,,,,2021,N,6,N-HU-1-M-6,M,Noel,Noel
Hungary,1,,,,2021,N,7,N-HU-1-M-7,M,Marcell,Marcell
Hungary,1,,,,2021,N,8,N-HU-1-M-8,M,Dániel,Dániel
Hungary,1,,,,2021,N,9,N-HU-1-M-9,M,Zalán,Zalán
Hungary,1,,,,2021,N,10,N-HU-1-M-10,M,Ádám,Ádám
Ireland,1,,,,2022,N,1,N-IE-1-F-1,F,Emily,Emily
Ireland,1,,,,2022,N,2,N-IE-1-F-2,F,Grace,Grace
Ireland,1,,,,2022,N,3,N-IE-1-F-3,F,Fiadh,Fiadh
Ireland,1,,,,2022,N,4,N-IE-1-F-4,F,Sophie,Sophie
Ireland,1,,,,2022,N,5,N-IE-1-F-5,F,Lily,Lily
Ireland,1,,,,2022,N,6,N-IE-1-F-6,F,Éabha,Éabha
Ireland,1,,,,2022,N,7,N-IE-1-F-7,F,Ava,Ava
Ireland,1,,,,2022,N,8,N-IE-1-F-8,F,Mia,Mia
Ireland,1,,,,2022,N,9,N-IE-1-F-9,F,Ellie,Ellie
Ireland,1,,,,2022,N,10,N-IE-1-F-10,F,Olivia,Olivia
Ireland,1,,,,2022,N,1,N-IE-1-M-1,M,Jack,Jack
Ireland,1,,,,2022,N,2,N-IE-1-M-2,M,Noah,Noah
Ireland,1,,,,2022,N,3,N-IE-1-M-3,M,James,James
Ireland,1,,,,2022,N,4,N-IE-1-M-4,M,Rían,Rían
Ireland,1,,,,2022,N,5,N-IE-1-M-5,M,Charlie,Charlie
Ireland,1,,,,2022,N,6,N-IE-1-M-6,M,Oisín,Oisín
Ireland,1,,,,2022,N,7,N-IE-1-M-7,M,Tadhg,Tadhg
Ireland,1,,,,2022,N,8,N-IE-1-M-8,M,Liam,Liam
Ireland,1,,,,2022,N,9,N-IE-1-M-9,M,Cillian,Cillian
Ireland,1,,,,2022,N,10,N-IE-1-M-10,M,Daniel,Daniel
Italy,1,,,,2021,N,1,N-IT-1-F-1,F,Sofia,Sofia
Italy,1,,,,2021,N,2,N-IT-1-F-2,F,Aurora,Aurora
Italy,1,,,,2021,N,3,N-IT-1-F-3,F,Giulia,Giulia
Italy,1,,,,2021,N,4,N-IT-1-F-4,F,Ginevra,Ginevra
Italy,1,,,,2021,N,5,N-IT-1-F-5,F,Beatrice,Beatrice
Italy,1,,,,2021,N,6,N-IT-1-F-6,F,Alice,Alice
Italy,1,,,,2021,N,7,N-IT-1-F-7,F,Vittoria,Vittoria
Italy,1,,,,2021,N,8,N-IT-1-F-8,F,Emma,Emma
Italy,1,,,,2021,N,9,N-IT-1-F-9,F,Ludovica,Ludovica
Italy,1,,,,2021,N,10,N-IT-1-F-10,F,Matilde,Matilde
Italy,1,,,,2021,N,1,N-IT-1-M-1,M,Leonardo,Leonardo
Italy,1,,,,2021,N,2,N-IT-1-M-2,M,Alessandro,Alessandro
Italy,1,,,,2021,N,3,N-IT-1-M-3,M,Tommaso,Tommaso
Italy,1,,,,2021,N,4,N-IT-1-M-4,M,Francesco,Francesco
Italy,1,,,,2021,N,5,N-IT-1-M-5,M,Lorenzo,Lorenzo
Italy,1,,,,2021,N,6,N-IT-1-M-6,M,Edoardo,Edoardo
Italy,1,,,,2021,N,7,N-IT-1-M-7,M,Mattia,Mattia
Italy,1,,,,2021,N,8,N-IT-1-M-8,M,Riccardo,Riccardo
Italy,1,,,,2021,N,9,N-IT-1-M-9,M,Gabriele,Gabriele
Italy,1,,,,2021,N,10,N-IT-1-M-10,M,Andrea,Andrea
Netherlands,1,,,,2022,N,1,N-NL-1-F-1,F,Emma,Emma
Netherlands,1,,,,2022,N,2,N-NL-1-F-2,F,Julia,Julia
Netherlands,1,,,,2022,N,3,N-NL-1-F-3,F,Mila,Mila
Netherlands,1,,,,2022,N,4,N-NL-1-F-4,F,Sophie,Sophie
Netherlands,1,,,,2022,N,5,N-NL-1-F-5,F,Olivia,Olivia
Netherlands,1,,,,2022,N,6,N-NL-1-F-6,F,Yara,Yara
Netherlands,1,,,,2022,N,7,N-NL-1-F-7,F,Saar,Saar
Netherlands,1,,,,2022,N,8,N-NL-1-F-8,F,Nora,Nora
Netherlands,1,,,,2022,N,9,N-NL-1-F-9,F,Tess,Tess
Netherlands,1,,,,2022,N,10,N-NL-1-F-10,F,Noor,Noor
Netherlands,1,,,,2022,N,1,N-NL-1-M-1,M,Noah,Noah
Netherlands,1,,,,2022,N,2,N-NL-1-M-2,M,Liam,Liam
Netherlands,1,,,,2022,N,3,N-NL-1-M-3,M,Luca,Luca
Netherlands,1,,,,2022,N,4,N-NL-1-M-4,M,Lucas,Lucas
Netherlands,1,,,,2022,N,5,N-NL-1-M-5,M,Mees,Mees
Netherlands,1,,,,2022,N,6,N-NL-1-M-6,M,Finn,Finn
Netherlands,1,,,,2022,N,7,N-NL-1-M-7,M,James,James
Netherlands,1,,,,2022,N,8,N-NL-1-M-8,M,Milan,Milan
Netherlands,1,,,,2022,N,9,N-NL-1-M-9,M,Levi,Levi
Netherlands,1,,,,2022,N,10,N-NL-1-M-10,M,Sem,Sem
New Zealand,1,,Māori,,2021,N,1,N-NZ-1-F-1,F,Mia,Mia
New Zealand,1,,Māori,,2021,N,2,N-NZ-1-F-2,F,Aria,Aria
New Zealand,1,,Māori,,2021,N,3,N-NZ-1-F-3,F,Maia,Maia
New Zealand,1,,Māori,,2021,N,4,N-NZ-1-F-4,F,Aurora,Aurora
New Zealand,1,,Māori,,2021,N,5,N-NZ-1-F-5,F,Amaia,Amaia
New Zealand,1,,Māori,,2021,N,6,N-NZ-1-F-6,F,Kiara,Kiara
New Zealand,1,,Māori,,2021,N,7,N-NZ-1-F-7,F,Kaia,Kaia
New Zealand,1,,Māori,,2021,N,8,N-NZ-1-F-8,F,Amara,Amara
New Zealand,1,,Māori,,2021,N,9,N-NZ-1-F-9,F,Kora,Kora
New Zealand,1,,Māori,,2021,N,10,N-NZ-1-F-10,F,Maria,Maria
New Zealand,1,,Māori,,2021,N,1,N-NZ-1-M-1,M,Nikau,Nikau
New Zealand,1,,Māori,,2021,N,2,N-NZ-1-M-2,M,Ari,Ari
New Zealand,1,,Māori,,2021,N,3,N-NZ-1-M-3,M,Niko,Niko
New Zealand,1,,Māori,,2021,N,4,N-NZ-1-M-4,M,Koa,Koa
New Zealand,1,,Māori,,2021,N,5,N-NZ-1-M-5,M,Mateo,Mateo
New Zealand,1,,Māori,,2021,N,6,N-NZ-1-M-6,M,Keanu,Keanu
New Zealand,1,,Māori,,2021,N,7,N-NZ-1-M-7,M,Mikaere,Mikaere
New Zealand,1,,Māori,,2021,N,8,N-NZ-1-M-8,M,Manaia,Manaia
New Zealand,1,,Māori,,2021,N,9,N-NZ-1-M-9,M,Kairo,Kairo
New Zealand,1,,Māori,,2021,N,10,N-NZ-1-M-10,M,Kiwa,Kiwa
New Zealand,2,,,,2022,N,1,N-NZ-2-F-1,F,Isla,Isla
New Zealand,2,,,,2022,N,2,N-NZ-2-F-2,F,Amelia,Amelia
New Zealand,2,,,,2022,N,3,N-NZ-2-F-3,F,Charlotte,Charlotte
New Zealand,2,,,,2022,N,4,N-NZ-2-F-4,F,Mila,Mila
New Zealand,2,,,,2022,N,5,N-NZ-2-F-5,F,Lily,Lily
New Zealand,2,,,,2022,N,6,N-NZ-2-F-6,F,Ava,Ava
New Zealand,2,,,,2022,N,7,N-NZ-2-F-7,F,Willow,Willow
New Zealand,2,,,,2022,N,8,N-NZ-2-F-8,F,Olivia,Olivia
New Zealand,2,,,,2022,N,9,N-NZ-2-F-9,F,Harper,Harper
New Zealand,2,,,,2022,N,10,N-NZ-2-F-10,F,Sophie,Sophie
New Zealand,2,,,,2022,N,1,N-NZ-2-M-1,M,Oliver,Oliver
New Zealand,2,,,,2022,N,2,N-NZ-2-M-2,M,Noah,Noah
New Zealand,2,,,,2022,N,3,N-NZ-2-M-3,M,Leo,Leo
New Zealand,2,,,,2022,N,4,N-NZ-2-M-4,M,Jack,Jack
New Zealand,2,,,,2022,N,5,N-NZ-2-M-5,M,Luca,Luca
New Zealand,2,,,,2022,N,6,N-NZ-2-M-6,M,Theodore,Theodore
New Zealand,2,,,,2022,N,7,N-NZ-2-M-7,M,George,George
New Zealand,2,,,,2022,N,8,N-NZ-2-M-8,M,Charlie,Charlie
New Zealand,2,,,,2022,N,9,N-NZ-2-M-9,M,Hudson,Hudson
New Zealand,2,,,,2022,N,10,N-NZ-2-M-10,M,William,William
Poland,1,,,,2022,N,1,N-PL-1-F-1,F,Zofia,Zofia
Poland,1,,,,2022,N,2,N-PL-1-F-2,F,Zuzanna,Zuzanna
Poland,1,,,,2022,N,3,N-PL-1-F-3,F,Hanna,Hanna
Poland,1,,,,2022,N,4,N-PL-1-F-4,F,Maja,Maja
Poland,1,,,,2022,N,5,N-PL-1-F-5,F,Laura,Laura
Poland,1,,,,2022,N,6,N-PL-1-F-6,F,Julia,Julia
Poland,1,,,,2022,N,7,N-PL-1-F-7,F,Oliwia,Oliwia
Poland,1,,,,2022,N,8,N-PL-1-F-8,F,Alicja,Alicja
Poland,1,,,,2022,N,9,N-PL-1-F-9,F,Lena,Lena
Poland,1,,,,2022,N,10,N-PL-1-F-10,F,Pola,Pola
Poland,1,,,,2022,N,1,N-PL-1-M-1,M,Antoni,Antoni
Poland,1,,,,2022,N,2,N-PL-1-M-2,M,Jan,Jan
Poland,1,,,,2022,N,3,N-PL-1-M-3,M,Aleksander,Aleksander
Poland,1,,,,2022,N,4,N-PL-1-M-4,M,Franciszek,Franciszek
Poland,1,,,,2022,N,5,N-PL-1-M-5,M,Nikodem,Nikodem
Poland,1,,,,2022,N,6,N-PL-1-M-6,M,Jakub,Jakub
Poland,1,,,,2022,N,7,N-PL-1-M-7,M,Leon,Leon
Poland,1,,,,2022,N,8,N-PL-1-M-8,M,Stanisław,Stanisław
Poland,1,,,,2022,N,9,N-PL-1-M-9,M,Mikołaj,Mikołaj
Poland,1,,,,2022,N,10,N-PL-1-M-10,M,Szymon,Szymon
Portugal,1,,,,2022,N,1,N-PT-1-F-1,F,Maria,Maria
Portugal,1,,,,2022,N,2,N-PT-1-F-2,F,Alice,Alice
Portugal,1,,,,2022,N,3,N-PT-1-F-3,F,Leonor,Leonor
Portugal,1,,,,2022,N,4,N-PT-1-F-4,F,Matilde,Matilde
Portugal,1,,,,2022,N,5,N-PT-1-F-5,F,Benedita,Benedita
Portugal,1,,,,2022,N,6,N-PT-1-F-6,F,Carolina,Carolina
Portugal,1,,,,2022,N,7,N-PT-1-F-7,F,Beatriz,Beatriz
Portugal,1,,,,2022,N,8,N-PT-1-F-8,F,Margarida,Margarida
Portugal,1,,,,2022,N,9,N-PT-1-F-9,F,Francisca,Francisca
Portugal,1,,,,2022,N,10,N-PT-1-F-10,F,Camila,Camila
Portugal,1,,,,2022,N,1,N-PT-1-M-1,M,Francisco,Francisco
Portugal,1,,,,2022,N,2,N-PT-1-M-2,M,Afonso,Afonso
Portugal,1,,,,2022,N,3,N-PT-1-M-3,M,João,João
Portugal,1,,,,2022,N,4,N-PT-1-M-4,M,Tomás,Tomás
Portugal,1,,,,2022,N,5,N-PT-1-M-5,M,Duarte,Duarte
Portugal,1,,,,2022,N,6,N-PT-1-M-6,M,Lourenço,Lourenço
Portugal,1,,,,2022,N,7,N-PT-1-M-7,M,Santiago,Santiago
Portugal,1,,,,2022,N,8,N-PT-1-M-8,M,Martim,Martim
Portugal,1,,,,2022,N,9,N-PT-1-M-9,M,Miguel,Miguel
Portugal,1,,,,2022,N,10,N-PT-1-M-10,M,Gabriel,Gabriel
Romania,1,,,,2020,N,1,N-RO-1-F-1,F,Sofia,Sofia
Romania,1,,,,2020,N,2,N-RO-1-F-2,F,Amelia,Amelia
Romania,1,,,,2020,N,3,N-RO-1-F-3,F,Anastasia,Anastasia
Romania,1,,,,2020,N,4,N-RO-1-F-4,F,Maria,Maria
Romania,1,,,,2020,N,5,N-RO-1-F-5,F,Victoria,Victoria
Romania,1,,,,2020,N,6,N-RO-1-F-6,F,Daria,Daria
Romania,1,,,,2020,N,7,N-RO-1-F-7,F,Eva,Eva
Romania,1,,,,2020,N,8,N-RO-1-F-8,F,Alexandra,Alexandra
Romania,1,,,,2020,N,9,N-RO-1-F-9,F,Evelina,Evelina
Romania,1,,,,2020,N,10,N-RO-1-F-10,F,Andreea,Andreea
Romania,1,,,,2020,N,1,N-RO-1-M-1,M,David,David
Romania,1,,,,2020,N,2,N-RO-1-M-2,M,Matei,Matei
Romania,1,,,,2020,N,3,N-RO-1-M-3,M,Bogdan,Bogdan
Romania,1,,,,2020,N,4,N-RO-1-M-4,M,Maxim,Maxim
Romania,1,,,,2020,N,5,N-RO-1-M-5,M,Alexandru,Alexandru
Romania,1,,,,2020,N,6,N-RO-1-M-6,M,Damian,Damian
Romania,1,,,,2020,N,7,N-RO-1-M-7,M,Daniel,Daniel
Romania,1,,,,2020,N,8,N-RO-1-M-8,M,Artiom,Artiom
Romania,1,,,,2020,N,9,N-RO-1-M-9,M,Ion,Ion
Romania,1,,,,2020,N,10,N-RO-1-M-10,M,Gabriel,Gabriel
Russian Federation,1,Kama region,Babies born,,2022,N,1,N-RU-1-F-1,F,Yeva,Yeva
Russian Federation,1,Kama region,Babies born,,2022,N,2,N-RU-1-F-2,F,Sofiya,Sofiya
Russian Federation,1,Kama region,Babies born,,2022,N,3,N-RU-1-F-3,F,Anna,Anna
Russian Federation,1,Kama region,Babies born,,2022,N,4,N-RU-1-F-4,F,Viktoriya,Viktoriya
Russian Federation,1,Kama region,Babies born,,2022,N,5,N-RU-1-F-5,F,Mariya,Mariya
Russian Federation,1,Kama region,Babies born,,2022,N,6,N-RU-1-F-6,F,Alisa,Alisa
Russian Federation,1,Kama region,Babies born,,2022,N,7,N-RU-1-F-7,F,Varvara,Varvara
Russian Federation,1,Kama region,Babies born,,2022,N,8,N-RU-1-F-8,F,Polina,Polina
Russian Federation,1,Kama region,Babies born,,2022,N,9,N-RU-1-F-9,F,Vasilisa,Vasilisa
Russian Federation,1,Kama region,Babies born,,2022,N,10,N-RU-1-F-10,F,Anastasiya,Anastasiya
Russian Federation,1,Kama region,Babies born,,2022,N,1,N-RU-1-M-1,M,Artem,Artem
Russian Federation,1,Kama region,Babies born,,2022,N,2,N-RU-1-M-2,M,Mikhail,Mikhail
Russian Federation,1,Kama region,Babies born,,2022,N,3,N-RU-1-M-3,M,Aleksandr,Aleksandr
Russian Federation,1,Kama region,Babies born,,2022,N,4,N-RU-1-M-4,M,Matvey,Matvey
Russian Federation,1,Kama region,Babies born,,2022,N,5,N-RU-1-M-5,M,Timofey,Timofey
Russian Federation,1,Kama region,Babies born,,2022,N,6,N-RU-1-M-6,M,Lev,Lev
Russian Federation,1,Kama region,Babies born,,2022,N,7,N-RU-1-M-7,M,Dmitry,Dmitry
Russian Federation,1,Kama region,Babies born,,2022,N,8,N-RU-1-M-8,M,Mark,Mark
Russian Federation,1,Kama region,Babies born,,2022,N,9,N-RU-1-M-9,M,Roman,Roman
Russian Federation,1,Kama region,Babies born,,2022,N,10,N-RU-1-M-10,M,Ivan,Ivan
Ukraine,1,,,,2022,N,1,N-UA-1-F-1,F,Anna,Anna
Ukraine,1,,,,2022,N,2,N-UA-1-F-2,F,Anastasiya,Anastasiya
Ukraine,1,,,,2022,N,3,N-UA-1-F-3,F,Veronika,Veronika
Ukraine,1,,,,2022,N,4,N-UA-1-F-4,F,Sofiya,Sofiya
Ukraine,1,,,,2022,N,5,N-UA-1-F-5,F,Oleksandra,Oleksandra
Ukraine,1,,,,2022,N,6,N-UA-1-F-6,F,Mariya,Mariya
Ukraine,1,,,,2022,N,7,N-UA-1-F-7,F,Viktoriya,Viktoriya
Ukraine,1,,,,2022,N,8,N-UA-1-F-8,F,Milana,Milana
Ukraine,1,,,,2022,N,9,N-UA-1-F-9,F,Yeva,Yeva
Ukraine,1,,,,2022,N,10,N-UA-1-F-10,F,Solomiya,Solomiya
Ukraine,1,,,,2022,N,1,N-UA-1-M-1,M,Artem,Artem
Ukraine,1,,,,2022,N,2,N-UA-1-M-2,M,Dmytro,Dmytro
Ukraine,1,,,,2022,N,3,N-UA-1-M-3,M,Ivan,Ivan
Ukraine,1,,,,2022,N,4,N-UA-1-M-4,M,Maksym,Maksym
Ukraine,1,,,,2022,N,5,N-UA-1-M-5,M,Mykhaylo,Mykhaylo
Ukraine,1,,,,2022,N,6,N-UA-1-M-6,M,Danylo,Danylo
Ukraine,1,,,,2022,N,7,N-UA-1-M-7,M,Vladyslav,Vladyslav
Ukraine,1,,,,2022,N,8,N-UA-1-M-8,M,Oleksandr,Oleksandr
Ukraine,1,,,,2022,N,9,N-UA-1-M-9,M,Andriy,Andriy
United States,1,,,,1990,N,1,N-US-1-F-1,F,Mary,Mary
United States,1,,,,1990,N,2,N-US-1-F-2,F,Patricia,Patricia
United States,1,,,,1990,N,3,N-US-1-F-3,F,Linda,Linda
United States,1,,,,1990,N,4,N-US-1-F-4,F,Barbara,Barbara
United States,1,,,,1990,N,5,N-US-1-F-5,F,Elizabeth,Elizabeth
United States,1,,,,1990,N,6,N-US-1-F-6,F,Jennifer,Jennifer
United States,1,,,,1990,N,7,N-US-1-F-7,F,Maria,Maria
United States,1,,,,1990,N,8,N-US-1-F-8,F,Susan,Susan
United States,1,,,,1990,N,9,N-US-1-F-9,F,Margaret,Margaret
United States,1,,,,1990,N,10,N-US-1-F-10,F,Dorothy,Dorothy
United States,1,,,Census,1990,N,1,N-US-1-M-1,M,James,James
United States,1,,,Census,1990,N,2,N-US-1-M-2,M,John,John
United States,1,,,Census,1990,N,3,N-US-1-M-3,M,Robert,Robert
United States,1,,,Census,1990,N,4,N-US-1-M-4,M,Michael,Michael
United States,1,,,Census,1990,N,5,N-US-1-M-5,M,William,William
United States,1,,,Census,1990,N,6,N-US-1-M-6,M,David,David
United States,1,,,Census,1990,N,7,N-US-1-M-7,M,Richard,Richard
United States,1,,,Census,1990,N,8,N-US-1-M-8,M,Charles,Charles
United States,1,,,Census,1990,N,9,N-US-1-M-9,M,Joseph,Joseph
United States,1,,,Census,1990,N,10,N-US-1-M-10,M,Thomas,Thomas
United States,1,,,,2022,N,1,N-US-1-F-1,F,Olivia,Olivia
United States,1,,,,2022,N,2,N-US-1-F-2,F,Emma,Emma
United States,1,,,,2022,N,3,N-US-1-F-3,F,Charlotte,Charlotte
United States,1,,,,2022,N,4,N-US-1-F-4,F,Amelia,Amelia
United States,1,,,,2022,N,5,N-US-1-F-5,F,Sophia,Sophia
United States,1,,,,2022,N,6,N-US-1-F-6,F,Isabella,Isabella
United States,1,,,,2022,N,7,N-US-1-F-7,F,Ava,Ava
United States,1,,,,2022,N,8,N-US-1-F-8,F,Mia,Mia
United States,1,,,,2022,N,9,N-US-1-F-9,F,Evelyn,Evelyn
United States,1,,,,2022,N,10,N-US-1-F-10,F,Luna,Luna
United States,1,,,,2022,N,1,N-US-1-M-1,M,Liam,Liam
United States,1,,,,2022,N,2,N-US-1-M-2,M,Noah,Noah
United States,1,,,,2022,N,3,N-US-1-M-3,M,Oliver,Oliver
United States,1,,,,2022,N,4,N-US-1-M-4,M,James,James
United States,1,,,,2022,N,5,N-US-1-M-5,M,Elijah,Elijah
United States,1,,,,2022,N,6,N-US-1-M-6,M,William,William
United States,1,,,,2022,N,7,N-US-1-M-7,M,Henry,Henry
United States,1,,,,2022,N,8,N-US-1-M-8,M,Lucas,Lucas
United States,1,,,,2022,N,9,N-US-1-M-9,M,Benjamin,Benjamin
United States,1,,,,2022,N,10,N-US-1-M-10,M,Theodore,Theodore
Russian Federation,1,,,Official civil registry figures,2012,O,1,O-RU-1-F-1,F,Анастасия,Anastasia
Russian Federation,1,,,Official civil registry figures,2012,O,2,O-RU-1-F-2,F,Елена,Yelena
Russian Federation,1,,,Official civil registry figures,2012,O,3,O-RU-1-F-3,F,Ольга,Olga
Russian Federation,1,,,Official civil registry figures,2012,O,4,O-RU-1-F-4,F,Наталья,Natalia
Russian Federation,1,,,Official civil registry figures,2012,O,5,O-RU-1-F-5,F,Екатерина,Yekaterina
Russian Federation,1,,,Official civil registry figures,2012,O,6,O-RU-1-F-6,F,Анна,Anna
Russian Federation,1,,,Official civil registry figures,2012,O,7,O-RU-1-F-7,F,Татьяна,Tatiana
Russian Federation,1,,,Official civil registry figures,2012,O,8,O-RU-1-F-8,F,Мария,Maria
Russian Federation,1,,,Official civil registry figures,2012,O,9,O-RU-1-F-9,F,Ирина,Irina
Russian Federation,1,,,Official civil registry figures,2012,O,10,O-RU-1-F-10,F,Юлия,Yulia
Russian Federation,1,,,Official civil registry figures,2012,O,1,O-RU-1-M-1,M,Александр,Alexander
Russian Federation,1,,,Official civil registry figures,2012,O,2,O-RU-1-M-2,M,Сергей,Sergei
Russian Federation,1,,,Official civil registry figures,2012,O,3,O-RU-1-M-3,M,Дмитрий,Dmitry
Russian Federation,1,,,Official civil registry figures,2012,O,4,O-RU-1-M-4,M,Андрей,Andrei
Russian Federation,1,,,Official civil registry figures,2012,O,5,O-RU-1-M-5,M,Алексей,Alexey
Russian Federation,1,,,Official civil registry figures,2012,O,6,O-RU-1-M-6,M,Максим,Maxim
Russian Federation,1,,,Official civil registry figures,2012,O,7,O-RU-1-M-7,M,Евгений,Evgeny
Russian Federation,1,,,Official civil registry figures,2012,O,8,O-RU-1-M-8,M,Иван,Ivan
Russian Federation,1,,,Official civil registry figures,2012,O,9,O-RU-1-M-9,M,Михаил,Mikhail
Russian Federation,1,,,Official civil registry figures,2012,O,10,O-RU-1-M-10,M,Артём,Artyom
Russian Federation,2,Moscow,Babies born,Official civil registry figures,2021,O,1,O-RU-2-F-1,F,София,Sofiya
Russian Federation,2,Moscow,Babies born,Official civil registry figures,2021,O,2,O-RU-2-F-2,F,Мария,Mariya
Russian Federation,2,Moscow,Babies born,Official civil registry figures,2021,O,3,O-RU-2-F-3,F,Анна,Anna
Russian Federation,2,Moscow,Babies born,Official civil registry figures,2021,O,4,O-RU-2-F-4,F,Алиса,Alisa
Russian Federation,2,Moscow,Babies born,Official civil registry figures,2021,O,5,O-RU-2-F-5,F,Ева,Eva
Russian Federation,2,Moscow,Babies born,Official civil registry figures,2021,O,6,O-RU-2-F-6,F,Виктория,Viktoriya
Russian Federation,2,Moscow,Babies born,Official civil registry figures,2021,O,7,O-RU-2-F-7,F,Полина,Polina
Russian Federation,2,Moscow,Babies born,Official civil registry figures,2021,O,8,O-RU-2-F-8,F,Александра,Alexandra
Russian Federation,2,Moscow,Babies born,Official civil registry figures,2021,O,9,O-RU-2-F-9,F,Елизавета,Elizaveta
Russian Federation,2,Moscow,Babies born,Official civil registry figures,2021,O,10,O-RU-2-F-10,F,Варвара,Varvara
Russian Federation,2,Moscow,Babies born,Official civil registry figures,2021,O,1,O-RU-2-M-1,M,Александр,Alexander
Russian Federation,2,Moscow,Babies born,Official civil registry figures,2021,O,2,O-RU-2-M-2,M,Михаил,Mikhail
Russian Federation,2,Moscow,Babies born,Official civil registry figures,2021,O,3,O-RU-2-M-3,M,Максим,Maxim
Russian Federation,2,Moscow,Babies born,Official civil registry figures,2021,O,4,O-RU-2-M-4,M,Лев,Lev
Russian Federation,2,Moscow,Babies born,Official civil registry figures,2021,O,5,O-RU-2-M-5,M,Артём,Artyom
Russian Federation,2,Moscow,Babies born,Official civil registry figures,2021,O,6,O-RU-2-M-6,M,Марк,Mark
Russian Federation,2,Moscow,Babies born,Official civil registry figures,2021,O,7,O-RU-2-M-7,M,Иван,Ivan
Russian Federation,2,Moscow,Babies born,Official civil registry figures,2021,O,8,O-RU-2-M-8,M,Дмитрий,Dmitry
Russian Federation,2,Moscow,Babies born,Official civil registry figures,2021,O,9,O-RU-2-M-9,M,Матвей,Matvey
Russian Federation,2,Moscow,Babies born,Official civil registry figures,2021,O,10,O-RU-2-M-10,M,Даниил,Daniil
Japan,1,,,,2022,M,1,M-JP-1-M-1,M,蒼,Aoi
Japan,1,,,,2022,M,1,M-JP-1-M-1,M,蒼,Sō
Japan,1,,,,2022,M,1,M-JP-1-M-1,M,蒼,Ao
Japan,1,,,,2022,M,2,M-JP-1-M-2,M,凪,Nagi
Japan,1,,,,2022,M,2,M-JP-1-M-2,M,凪,Nagisa
Japan,1,,,,2022,M,3,M-JP-1-M-3,M,蓮,Ren
Japan,1,,,,2022,M,4,M-JP-1-M-4,M,陽翔,Haruto
Japan,1,,,,2022,M,4,M-JP-1-M-4,M,陽翔,Hinato
Japan,1,,,,2022,M,5,M-JP-1-M-5,M,湊,Minato
Japan,1,,,,2022,M,6,M-JP-1-M-6,M,颯真,Sōma
Japan,1,,,,2022,M,6,M-JP-1-M-6,M,颯真,Fūma
Japan,1,,,,2022,M,7,M-JP-1-M-7,M,碧,Ao
Japan,1,,,,2022,M,7,M-JP-1-M-7,M,碧,Aoi
Japan,1,,,,2022,M,8,M-JP-1-M-8,M,樹,Itsuki
Japan,1,,,,2022,M,8,M-JP-1-M-8,M,樹,Tatsuki
Japan,1,,,,2022,M,9,M-JP-1-M-9,M,大和,Yamato
Japan,1,,,,2022,M,10,M-JP-1-M-10,M,悠真,Yūma
Japan,1,,,,2022,M,10,M-JP-1-M-10,M,悠真,Haruma
Japan,1,,,,2022,M,11,M-JP-1-M-11,M,暖,Dan
Japan,1,,,,2022,M,11,M-JP-1-M-11,M,暖,Haru
Japan,1,,,,2022,M,1,M-JP-1-F-1,F,陽葵,Himari
Japan,1,,,,2022,M,1,M-JP-1-F-1,F,陽葵,Hinata
Japan,1,,,,2022,M,1,M-JP-1-F-1,F,陽葵,Hina
Japan,1,,,,2022,M,2,M-JP-1-F-2,F,凛,Rin
Japan,1,,,,2022,M,3,M-JP-1-F-3,F,詩,Uta
Japan,1,,,,2022,M,4,M-JP-1-F-4,F,陽菜,Hina
Japan,1,,,,2022,M,4,M-JP-1-F-4,F,陽菜,Haruna
Japan,1,,,,2022,M,5,M-JP-1-F-5,F,結菜,Yuina
Japan,1,,,,2022,M,5,M-JP-1-F-5,F,結菜,Yuna
Japan,1,,,,2022,M,5,M-JP-1-F-5,F,結菜,Yūna
Japan,1,,,,2022,M,6,M-JP-1-F-6,F,杏,An
Japan,1,,,,2022,M,6,M-JP-1-F-6,F,杏,Anzu
Japan,1,,,,2022,M,7,M-JP-1-F-7,F,澪,Mio
Japan,1,,,,2022,M,7,M-JP-1-F-7,F,澪,Rei
Japan,1,,,,2022,M,8,M-JP-1-F-8,F,結愛,Yua
Japan,1,,,,2022,M,9,M-JP-1-F-9,F,芽依,Mei
Japan,1,,,,2022,M,10,M-JP-1-F-10,F,莉子,Riko
Japan,1,,,,2022,M,11,M-JP-1-F-11,F,さくら,Sakura
Japan,1,,,,2022,M,12,M-JP-1-F-12,F,咲茉,Ema
